<?xml version="1.0" encoding="UTF-8" ?>
<!DOCTYPE beans PUBLIC "-//SPRING//DTD BEAN 2.0//EN" "http://www.springframework.org/dtd/spring-beans-2.0.dtd">
<beans>
    <bean id="dao" class="dao.daoVolatile.EtudDao">
        <bean id="métier" class="métier.EtudMétier">
            <property name="EtudDao" ref="dao"></property>
        </bean>
        <bean id="controleur" class="présentation.EtudControleur">
            <property name="EtudMétier" ref="metier" ></property>
        </bean>

    </bean>